<?xml version="1.0" encoding="UTF-8"?>
<configuration>

    <property name="DEV_HOME" value="C:\\Users\\Abhishek\\Desktop\\spring-batch-multithreading-example\\log" />

    <appender name="FILE-AUDIT"
              class="ch.qos.logback.core.rolling.RollingFileAppender">
        <file>${DEV_HOME}/debug.log</file>
        <encoder class="ch.qos.logback.classic.encoder.PatternLayoutEncoder">
            <Pattern>
                %d{yyyy-MM-dd HH:mm:ss} - %msg%n
            </Pattern>
        </encoder>

        <rollingPolicy class="ch.qos.logback.core.rolling.TimeBasedRollingPolicy">
            <!-- rollover daily -->
            <fileNamePattern>${DEV_HOME}/archived/debug.%d{yyyy-MM-dd}.%i.log
            </fileNamePattern>
            <timeBasedFileNamingAndTriggeringPolicy
                    class="ch.qos.logback.core.rolling.SizeAndTimeBasedFNATP">
                <maxFileSize>60MB</maxFileSize>
            </timeBasedFileNamingAndTriggeringPolicy>
        </rollingPolicy>

    </appender>

    <!-- Insert the current time formatted as "yyyyMMdd'T'HHmmss" under the
		key "bySecond" into the logger context. This value will be available to all
		subsequent configuration elements. -->
    <timestamp key="bySecond" datePattern="yyyyMMdd'T'HHmmss" timeReference="contextBirth" />


    <appender name="badRecordLoggerFile" class="ch.qos.logback.core.FileAppender">
        <file>${DEV_HOME}/bad_records_${bySecond}.log</file>
        <encoder>
            <pattern>%d{HH:mm:ss.SSS} - %msg%n</pattern>
        </encoder>
        <param name="Append" value="false" />
    </appender>

    <logger name="com.ba.psd.poc.batch" level="debug"
            additivity="false">
        <appender-ref ref="FILE-AUDIT" />
    </logger>

    <root level="error">
        <appender-ref ref="FILE-AUDIT" />
    </root>

    <logger name="badRecordLogger" level="error" additivity="false">
        <appender-ref ref="badRecordLoggerFile" />
    </logger>

</configuration>